<?xml version="1.0" encoding="UTF-8"?>
<project-private xmlns="http://www.netbeans.org/ns/project-private/1">
    <editor-bookmarks xmlns="http://www.netbeans.org/ns/editor-bookmarks/2" lastBookmarkId="0"/>
    <open-files xmlns="http://www.netbeans.org/ns/projectui-open-files/2">
        <group>
            <file>file:/C:/Users/LinsFibra/Documents/NetBeansProjects/AlgumaLex/src/algumalex/LeitorDeArquivosTexto.java</file>
            <file>file:/C:/Users/LinsFibra/Documents/NetBeansProjects/AlgumaLex/src/algumalex/Token.java</file>
            <file>file:/C:/Users/LinsFibra/Documents/NetBeansProjects/AlgumaLex/src/algumalex/AlgumaLexico.java</file>
            <file>file:/C:/Users/LinsFibra/Documents/NetBeansProjects/AlgumaLex/src/algumalex/AlgumaLex.java</file>
            <file>file:/C:/Users/LinsFibra/Documents/NetBeansProjects/AlgumaLex/src/algumalex/TipoToken.java</file>
            <file>file:/C:/Users/LinsFibra/Documents/NetBeansProjects/AlgumaLex/src/algumalex/Main.java</file>
        </group>
    </open-files>
</project-private>
